"id","submitdate","lastpage","startlanguage","INSTRUKCJA","DUZYLOTEK","MULTILOTEK","MULTIMULTI","PRIMHARMPRIMSCENARIO","PRIMHARMPRIMSUWAK[1]","PRIMHARMPRIMSUWAK[2]","PRIMHARMPRIMSUWAK[3]","PRIMHARMPRIMSUWAK[4]","PRIMHARMPRIMSUWAK[5]","PRIMHARMBISSCENARIO","PRIMHARMPRIMSUWAKI[1]","PRIMHARMPRIMSUWAKI[2]","PRIMHARMPRIMSUWAKI[3]","PRIMHARMPRIMSUWAKI[4]","PRIMHARMPRIMSUWAKI[5]","PRIMHELPPRIMSCENARIO","PRIMHELPPRIMSUWAKI[1]","PRIMHELPPRIMSUWAKI[2]","PRIMHELPPRIMSUWAKI[3]","PRIMHELPPRIMSUWAKI[4]","PRIMHELPPRIMSUWAKI[5]","PRIMHELPBISSCENARIO","PRIMHELPBISSUWAKI[1]","PRIMHELPBISSUWAKI[2]","PRIMHELPBISSUWAKI[3]","PRIMHELPBISSUWAKI[4]","PRIMHELPBISSUWAKI[5]","r713q16","r713q17[1]","r713q17[2]","r713q17[3]","r713q17[4]","r713q17[5]","r713q18","r713q19[1]","r713q19[2]","r713q19[3]","r713q19[4]","r713q19[5]","r713q20","r713q21[1]","r713q21[2]","r713q21[3]","r713q21[4]","r713q21[5]","r713q22","r713q23[1]","r713q23[2]","r713q23[3]","r713q23[4]","r713q23[5]","r713q0","AGENCYHARMPRIM[1]","AGENCYHARMPRIM[2]","AGENCYHARMPRIM[3]","AGENCYHARMPRIM[4]","AGENCYHARMPRIM[5]","r713q1","AGENCYHARMBIS[1]","AGENCYHARMBIS[2]","AGENCYHARMBIS[3]","AGENCYHARMBIS[4]","AGENCYHARMBIS[5]","r713q2","AGENCYHELPPRIM[1]","AGENCYHELPPRIM[2]","AGENCYHELPPRIM[3]","AGENCYHELPPRIM[4]","AGENCYHELPPRIM[5]","r713q3","AGENCYHELPBIS[1]","AGENCYHELPBIS[2]","AGENCYHELPBIS[3]","AGENCYHELPBIS[4]","AGENCYHELPBIS[5]","r713q8","r713q9[1]","r713q9[2]","r713q9[3]","r713q9[4]","r713q9[5]","r713q10","r713q11[1]","r713q11[2]","r713q11[3]","r713q11[4]","r713q11[5]","r713q12","r713q13[1]","r713q13[2]","r713q13[3]","r713q13[4]","r713q13[5]","r713q14","r713q15[1]","r713q15[2]","r713q15[3]","r713q15[4]","r713q15[5]","r713q4","BISHARMPRIMSUWAKI[1]","BISHARMPRIMSUWAKI[2]","BISHARMPRIMSUWAKI[3]","BISHARMPRIMSUWAKI[4]","BISHARMPRIMSUWAKI[5]","r713q5","BISHARMBISSUWAKI[A1]","BISHARMBISSUWAKI[A2]","BISHARMBISSUWAKI[A3]","BISHARMBISSUWAKI[A4]","BISHARMBISSUWAKI[A5]","r713q6","BISHELPPRIMSUWAKI[1]","BISHELPPRIMSUWAKI[2]","BISHELPPRIMSUWAKI[3]","BISHELPPRIMSUWAKI[4]","BISHELPPRIMSUWAKI[5]","r713q7","BISHELPBISSUWAKI[1]","BISHELPBISSUWAKI[2]","BISHELPBISSUWAKI[3]","BISHELPBISSUWAKI[4]","BISHELPBISSUWAKI[5]","INTHARMPRIM1","INTHARMBIS","INTHELPPRIM","INTHELPBIS","INTHARMPRIM2","INTHARMBIS2","INTHELPPRIM2","INTHELPBIS2","KRUKIWRONY","PRIMKRUKIWRONYSUWAKI[1]","PRIMKRUKIWRONYSUWAKI[2]","PRIMKRUKIWRONYSUWAKI[3]","PRIMKRUKIWRONYSUWAKI[4]","PRIMKRUKIWRONYSUWAKI[5]","BISKRUKIWRONY","BISKRUKIWRONYSUWAKI[1]","BISKRUKIWRONYSUWAKI[2]","BISKRUKIWRONYSUWAKI[3]","BISKRUKIWRONYSUWAKI[4]","BISKRUKIWRONYSUWAKI[5]","PRIMNOTKRUKIWRONY","PRIMNOTKRUKIWRONYSUW[1]","PRIMNOTKRUKIWRONYSUW[2]","PRIMNOTKRUKIWRONYSUW[3]","PRIMNOTKRUKIWRONYSUW[4]","PRIMNOTKRUKIWRONYSUW[5]","BISNOTKRUKIWRONY","BISNOTKRUKIWRONYSUWA[1]","BISNOTKRUKIWRONYSUWA[2]","BISNOTKRUKIWRONYSUWA[3]","BISNOTKRUKIWRONYSUWA[4]","BISNOTKRUKIWRONYSUWA[5]","AGENCYKRUKIWRONY","AGENCYKRUKIWRONYPYT[1]","AGENCYKRUKIWRONYPYT[2]","AGENCYKRUKIWRONYPYT[3]","AGENCYKRUKIWRONYPYT[4]","AGENCYKRUKIWRONYPYT[5]","AGENCYNOTKRUKIWRONY","AGENCYNOTKRUKIWRONNY[1]","AGENCYNOTKRUKIWRONNY[2]","AGENCYNOTKRUKIWRONNY[3]","AGENCYNOTKRUKIWRONNY[4]","AGENCYNOTKRUKIWRONNY[5]","r713q24","r713q25[1]","r713q25[2]","r713q25[3]","r713q25[4]","r713q25[5]","r713q26","r713q27[1]","r713q27[2]","r713q27[3]","r713q27[4]","r713q27[5]","r713q28","r713q29[1]","r713q29[2]","r713q29[3]","r713q29[4]","r713q29[5]","r713q31","r713q30[1]","r713q30[2]","r713q30[3]","r713q30[4]","r713q30[5]","INTENCJONALNIEKW1","INTENCJONALNIEKW2","INTNOTKW1","INTNOTKW2","G","Y","E","E[other]","F"
"36","1980-01-01 00:00:00","45","pl","","1","2","2","","","","","","","","","","","","","","","","","","","","","","","","","","","","","","","","4","4","4","4","3","","","","","","","","","","","","","","","","","","","","Zgadzam się.","Zgadzam się.","Nie zgadzam się.","Zgadzam się.","Zgadzam się.","","","","","","","","","","","","","","","","","","","","","","","","","","","","","","","","","","","","","","","","","","","","","","","","","","","","","","","","","","","","","N/A","Tak","N/A","N/A","N/A","Tak","N/A","N/A","","","","","","","","","","","","","","","","","","","","","","","","","","","","","","","","","","","","","","","","","","","","","","","","","","","","","","","","","","","","","N/A","N/A","N/A","N/A","Kobieta","1993.0000000000","Średnie","","Nie"
"37","1980-01-01 00:00:00","45","pl","","2","2","2","","","","","","","","","","","","","","","","","","","","","","","","","","","","","","","","","","","","","","","","","","","","","","","","","","","","","","","","Nie zgadzam się.","Nie zgadzam się.","Nie zgadzam się.","Nie zgadzam się.","Nie zgadzam się.","","","","","","","","","","","","","","","","","","","","","","","","","","","","","","","","","","","","","","","","","","","","1","1","1","1","1","","","","","","","","","","","","","N/A","Nie","N/A","N/A","N/A","Nie","N/A","N/A","","","","","","","","","","","","","","","","","","","","","","","","","","","","","","","","","","","","","","","","","","","","","","","","","","","","","","","","","","","","","N/A","N/A","N/A","N/A","Mężczyzna","1994.0000000000","Średnie","","Nie"
"43","1980-01-01 00:00:00","45","pl","","2","2","2","","","","","","","","","","","","","","","","","","","","","","","","","","","","","","","","","","","","","","","","","","","","","","","","","","","","","","","","Nie zgadzam się.","Nie zgadzam się.","Nie zgadzam się.","Nie zgadzam się.","Zgadzam się.","","","","","","","","","","","","","","","","","","","","","","","","","","","","","","","","","","","","","","","","","","","","1","1","1","0","3","","","","","","","","","","","","","N/A","Nie","N/A","N/A","N/A","Tak","N/A","N/A","","","","","","","","","","","","","","","","","","","","","","","","","","","","","","","","","","","","","","","","","","","","","","","","","","","","","","","","","","","","","N/A","N/A","N/A","N/A","Kobieta","1990.0000000000","Wyższe (licencjat, magister, inżynier)","","Nie"
"44","1980-01-01 00:00:00","45","pl","","1","2","2","","","","","","","","","","","","","","","","","","","","","","","","","","","","","","","","1","1","1","4","4","","","","","","","","","","","","","","","","","","","","Nie zgadzam się.","Nie zgadzam się.","Nie zgadzam się.","Zgadzam się.","Zgadzam się.","","","","","","","","","","","","","","","","","","","","","","","","","","","","","","","","","","","","","","","","","","","","","","","","","","","","","","","","","","","","","N/A","Nie","N/A","N/A","N/A","Tak","N/A","N/A","","","","","","","","","","","","","","","","","","","","","","","","","","","","","","","","","","","","","","","","","","","","","","","","","","","","","","","","","","","","","N/A","N/A","N/A","N/A","Kobieta","1991.0000000000","Wyższe (licencjat, magister, inżynier)","","Nie"
"45","1980-01-01 00:00:00","45","pl","","1","2","2","","","","","","","","","","","","","","","","","","","","","","","","","","","","","","","","4","0","0","4","4","","","","","","","","","","","","","","","","","","","","Nie zgadzam się.","Nie zgadzam się.","Nie zgadzam się.","Nie zgadzam się.","Zgadzam się.","","","","","","","","","","","","","","","","","","","","","","","","","","","","","","","","","","","","","","","","","","","","","","","","","","","","","","","","","","","","","N/A","Nie","N/A","N/A","N/A","Tak","N/A","N/A","","","","","","","","","","","","","","","","","","","","","","","","","","","","","","","","","","","","","","","","","","","","","","","","","","","","","","","","","","","","","N/A","N/A","N/A","N/A","Kobieta","1990.0000000000","Wyższe (licencjat, magister, inżynier)","","Nie"
"47","1980-01-01 00:00:00","45","pl","","2","2","2","","","","","","","","","","","","","","","","","","","","","","","","","","","","","","","","","","","","","","","","","","","","","","","","","","","","","","","","Zgadzam się.","Zgadzam się.","Nie zgadzam się.","Zgadzam się.","Zgadzam się.","","","","","","","","","","","","","","","","","","","","","","","","","","","","","","","","","","","","","","","","","","","","4","0","0","3","4","","","","","","","","","","","","","N/A","Tak","N/A","N/A","N/A","Tak","N/A","N/A","","","","","","","","","","","","","","","","","","","","","","","","","","","","","","","","","","","","","","","","","","","","","","","","","","","","","","","","","","","","","N/A","N/A","N/A","N/A","Kobieta","1995.0000000000","Średnie","","Nie"
"49","1980-01-01 00:00:00","45","pl","","2","2","2","","","","","","","","","","","","","","","","","","","","","","","","","","","","","","","","","","","","","","","","","","","","","","","","","","","","","","","","Zgadzam się.","Zgadzam się.","Nie zgadzam się.","Zgadzam się.","Zgadzam się.","","","","","","","","","","","","","","","","","","","","","","","","","","","","","","","","","","","","","","","","","","","","4","3","3","1","1","","","","","","","","","","","","","N/A","Tak","N/A","N/A","N/A","Tak","N/A","N/A","","","","","","","","","","","","","","","","","","","","","","","","","","","","","","","","","","","","","","","","","","","","","","","","","","","","","","","","","","","","","N/A","N/A","N/A","N/A","Kobieta","1994.0000000000","Średnie","","Nie"
"52","1980-01-01 00:00:00","45","pl","","1","2","2","","","","","","","","","","","","","","","","","","","","","","","","","","","","","","","","2","3","3","2","2","","","","","","","","","","","","","","","","","","","","Nie zgadzam się.","Nie zgadzam się.","Nie zgadzam się.","Nie zgadzam się.","Zgadzam się.","","","","","","","","","","","","","","","","","","","","","","","","","","","","","","","","","","","","","","","","","","","","","","","","","","","","","","","","","","","","","N/A","Nie","N/A","N/A","N/A","Tak","N/A","N/A","","","","","","","","","","","","","","","","","","","","","","","","","","","","","","","","","","","","","","","","","","","","","","","","","","","","","","","","","","","","","N/A","N/A","N/A","N/A","Kobieta","1994.0000000000","Wyższe (licencjat, magister, inżynier)","","Nie"
"54","1980-01-01 00:00:00","45","pl","","1","2","2","","","","","","","","","","","","","","","","","","","","","","","","","","","","","","","","3","0","4","4","4","","","","","","","","","","","","","","","","","","","","Zgadzam się.","Zgadzam się.","Zgadzam się.","Zgadzam się.","Zgadzam się.","","","","","","","","","","","","","","","","","","","","","","","","","","","","","","","","","","","","","","","","","","","","","","","","","","","","","","","","","","","","","N/A","Tak","N/A","N/A","N/A","Tak","N/A","N/A","","","","","","","","","","","","","","","","","","","","","","","","","","","","","","","","","","","","","","","","","","","","","","","","","","","","","","","","","","","","","N/A","N/A","N/A","N/A","Mężczyzna","1992.0000000000","Średnie","","Nie"
"55","1980-01-01 00:00:00","45","pl","","2","2","2","","","","","","","","","","","","","","","","","","","","","","","","","","","","","","","","","","","","","","","","","","","","","","","","","","","","","","","","Zgadzam się.","Nie zgadzam się.","Nie zgadzam się.","Nie zgadzam się.","Nie zgadzam się.","","","","","","","","","","","","","","","","","","","","","","","","","","","","","","","","","","","","","","","","","","","","4","1","1","1","1","","","","","","","","","","","","","N/A","Tak","N/A","N/A","N/A","Tak","N/A","N/A","","","","","","","","","","","","","","","","","","","","","","","","","","","","","","","","","","","","","","","","","","","","","","","","","","","","","","","","","","","","","N/A","N/A","N/A","N/A","Mężczyzna","1994.0000000000","Średnie","","Nie"
"56","1980-01-01 00:00:00","45","pl","","1","2","2","","","","","","","","","","","","","","","","","","","","","","","","","","","","","","","","0","1","1","0","0","","","","","","","","","","","","","","","","","","","","Nie zgadzam się.","Nie zgadzam się.","Nie zgadzam się.","Nie zgadzam się.","Nie zgadzam się.","","","","","","","","","","","","","","","","","","","","","","","","","","","","","","","","","","","","","","","","","","","","","","","","","","","","","","","","","","","","","N/A","Nie","N/A","N/A","N/A","Nie","N/A","N/A","","","","","","","","","","","","","","","","","","","","","","","","","","","","","","","","","","","","","","","","","","","","","","","","","","","","","","","","","","","","","N/A","N/A","N/A","N/A","Mężczyzna","1995.0000000000","Średnie","","Nie"
"57","1980-01-01 00:00:00","45","pl","","1","2","2","","","","","","","","","","","","","","","","","","","","","","","","","","","","","","","","0","0","0","0","1","","","","","","","","","","","","","","","","","","","","Nie zgadzam się.","Nie zgadzam się.","Nie zgadzam się.","Zgadzam się.","Zgadzam się.","","","","","","","","","","","","","","","","","","","","","","","","","","","","","","","","","","","","","","","","","","","","","","","","","","","","","","","","","","","","","N/A","Nie","N/A","N/A","N/A","Tak","N/A","N/A","","","","","","","","","","","","","","","","","","","","","","","","","","","","","","","","","","","","","","","","","","","","","","","","","","","","","","","","","","","","","N/A","N/A","N/A","N/A","Kobieta","1994.0000000000","Średnie","","Tak"
"60","1980-01-01 00:00:00","45","pl","","2","2","2","","","","","","","","","","","","","","","","","","","","","","","","","","","","","","","","","","","","","","","","","","","","","","","","","","","","","","","","Zgadzam się.","Zgadzam się.","Zgadzam się.","Zgadzam się.","Zgadzam się.","","","","","","","","","","","","","","","","","","","","","","","","","","","","","","","","","","","","","","","","","","","","3","4","4","4","4","","","","","","","","","","","","","N/A","Nie","N/A","N/A","N/A","Tak","N/A","N/A","","","","","","","","","","","","","","","","","","","","","","","","","","","","","","","","","","","","","","","","","","","","","","","","","","","","","","","","","","","","","N/A","N/A","N/A","N/A","Mężczyzna","1992.0000000000","Średnie","","Nie"
"61","1980-01-01 00:00:00","45","pl","","2","2","2","","","","","","","","","","","","","","","","","","","","","","","","","","","","","","","","","","","","","","","","","","","","","","","","","","","","","","","","Nie zgadzam się.","Nie zgadzam się.","Nie zgadzam się.","Nie zgadzam się.","Zgadzam się.","","","","","","","","","","","","","","","","","","","","","","","","","","","","","","","","","","","","","","","","","","","","2","2","2","4","2","","","","","","","","","","","","","N/A","Tak","N/A","N/A","N/A","Tak","N/A","N/A","","","","","","","","","","","","","","","","","","","","","","","","","","","","","","","","","","","","","","","","","","","","","","","","","","","","","","","","","","","","","N/A","N/A","N/A","N/A","Kobieta","1993.0000000000","Średnie","","Nie"
"62","1980-01-01 00:00:00","45","pl","","2","2","2","","","","","","","","","","","","","","","","","","","","","","","","","","","","","","","","","","","","","","","","","","","","","","","","","","","","","","","","Nie zgadzam się.","Nie zgadzam się.","Nie zgadzam się.","Zgadzam się.","Zgadzam się.","","","","","","","","","","","","","","","","","","","","","","","","","","","","","","","","","","","","","","","","","","","","3","2","2","2","2","","","","","","","","","","","","","N/A","Nie","N/A","N/A","N/A","Nie","N/A","N/A","","","","","","","","","","","","","","","","","","","","","","","","","","","","","","","","","","","","","","","","","","","","","","","","","","","","","","","","","","","","","N/A","N/A","N/A","N/A","Mężczyzna","1992.0000000000","Średnie","","Nie"
"64","1980-01-01 00:00:00","45","pl","","2","2","2","","","","","","","","","","","","","","","","","","","","","","","","","","","","","","","","","","","","","","","","","","","","","","","","","","","","","","","","Nie zgadzam się.","Nie zgadzam się.","Nie zgadzam się.","Nie zgadzam się.","Nie zgadzam się.","","","","","","","","","","","","","","","","","","","","","","","","","","","","","","","","","","","","","","","","","","","","1","1","1","1","1","","","","","","","","","","","","","N/A","Nie","N/A","N/A","N/A","Nie","N/A","N/A","","","","","","","","","","","","","","","","","","","","","","","","","","","","","","","","","","","","","","","","","","","","","","","","","","","","","","","","","","","","","N/A","N/A","N/A","N/A","Kobieta","1993.0000000000","Średnie","","Nie"
"66","1980-01-01 00:00:00","45","pl","","2","2","2","","","","","","","","","","","","","","","","","","","","","","","","","","","","","","","","","","","","","","","","","","","","","","","","","","","","","","","","Nie zgadzam się.","Nie zgadzam się.","Nie zgadzam się.","Nie zgadzam się.","Zgadzam się.","","","","","","","","","","","","","","","","","","","","","","","","","","","","","","","","","","","","","","","","","","","","1","1","1","1","3","","","","","","","","","","","","","N/A","Tak","N/A","N/A","N/A","Tak","N/A","N/A","","","","","","","","","","","","","","","","","","","","","","","","","","","","","","","","","","","","","","","","","","","","","","","","","","","","","","","","","","","","","N/A","N/A","N/A","N/A","Kobieta","1993.0000000000","Średnie","","Nie"
"67","1980-01-01 00:00:00","45","pl","","2","2","2","","","","","","","","","","","","","","","","","","","","","","","","","","","","","","","","","","","","","","","","","","","","","","","","","","","","","","","","Nie zgadzam się.","Nie zgadzam się.","Nie zgadzam się.","Nie zgadzam się.","Zgadzam się.","","","","","","","","","","","","","","","","","","","","","","","","","","","","","","","","","","","","","","","","","","","","1","2","4","2","3","","","","","","","","","","","","","N/A","Nie","N/A","N/A","N/A","Nie","N/A","N/A","","","","","","","","","","","","","","","","","","","","","","","","","","","","","","","","","","","","","","","","","","","","","","","","","","","","","","","","","","","","","N/A","N/A","N/A","N/A","Kobieta","1999.0000000000","Podstawowe","","Nie"
"68","1980-01-01 00:00:00","45","pl","","1","2","2","","","","","","","","","","","","","","","","","","","","","","","","","","","","","","","","3","3","2","2","1","","","","","","","","","","","","","","","","","","","","Nie zgadzam się.","Nie zgadzam się.","Nie zgadzam się.","Nie zgadzam się.","Nie zgadzam się.","","","","","","","","","","","","","","","","","","","","","","","","","","","","","","","","","","","","","","","","","","","","","","","","","","","","","","","","","","","","","N/A","Nie","N/A","N/A","N/A","Nie","N/A","N/A","","","","","","","","","","","","","","","","","","","","","","","","","","","","","","","","","","","","","","","","","","","","","","","","","","","","","","","","","","","","","N/A","N/A","N/A","N/A","Mężczyzna","1990.0000000000","Średnie","","Nie"
"69","1980-01-01 00:00:00","45","pl","","2","2","2","","","","","","","","","","","","","","","","","","","","","","","","","","","","","","","","","","","","","","","","","","","","","","","","","","","","","","","","Nie zgadzam się.","Nie zgadzam się.","Nie zgadzam się.","Zgadzam się.","Zgadzam się.","","","","","","","","","","","","","","","","","","","","","","","","","","","","","","","","","","","","","","","","","","","","0","3","4","3","3","","","","","","","","","","","","","N/A","Tak","N/A","N/A","N/A","Nie","N/A","N/A","","","","","","","","","","","","","","","","","","","","","","","","","","","","","","","","","","","","","","","","","","","","","","","","","","","","","","","","","","","","","N/A","N/A","N/A","N/A","Mężczyzna","1992.0000000000","Wyższe (licencjat, magister, inżynier)","","Nie"
"70","1980-01-01 00:00:00","45","pl","","2","2","2","","","","","","","","","","","","","","","","","","","","","","","","","","","","","","","","","","","","","","","","","","","","","","","","","","","","","","","","Nie zgadzam się.","Nie zgadzam się.","Nie zgadzam się.","Nie zgadzam się.","Zgadzam się.","","","","","","","","","","","","","","","","","","","","","","","","","","","","","","","","","","","","","","","","","","","","3","3","3","3","3","","","","","","","","","","","","","N/A","Nie","N/A","N/A","N/A","Tak","N/A","N/A","","","","","","","","","","","","","","","","","","","","","","","","","","","","","","","","","","","","","","","","","","","","","","","","","","","","","","","","","","","","","N/A","N/A","N/A","N/A","Mężczyzna","1991.0000000000","Średnie","","Nie"
"71","1980-01-01 00:00:00","45","pl","","1","2","2","","","","","","","","","","","","","","","","","","","","","","","","","","","","","","","","0","4","4","4","3","","","","","","","","","","","","","","","","","","","","Nie zgadzam się.","Nie zgadzam się.","Nie zgadzam się.","Zgadzam się.","Zgadzam się.","","","","","","","","","","","","","","","","","","","","","","","","","","","","","","","","","","","","","","","","","","","","","","","","","","","","","","","","","","","","","N/A","Nie","N/A","N/A","N/A","Tak","N/A","N/A","","","","","","","","","","","","","","","","","","","","","","","","","","","","","","","","","","","","","","","","","","","","","","","","","","","","","","","","","","","","","N/A","N/A","N/A","N/A","Mężczyzna","1993.0000000000","Średnie","","Nie"
"73","1980-01-01 00:00:00","45","pl","","2","2","2","","","","","","","","","","","","","","","","","","","","","","","","","","","","","","","","","","","","","","","","","","","","","","","","","","","","","","","","Nie zgadzam się.","Nie zgadzam się.","Nie zgadzam się.","Nie zgadzam się.","Nie zgadzam się.","","","","","","","","","","","","","","","","","","","","","","","","","","","","","","","","","","","","","","","","","","","","1","1","1","1","1","","","","","","","","","","","","","N/A","Tak","N/A","N/A","N/A","Nie","N/A","N/A","","","","","","","","","","","","","","","","","","","","","","","","","","","","","","","","","","","","","","","","","","","","","","","","","","","","","","","","","","","","","N/A","N/A","N/A","N/A","Kobieta","1994.0000000000","Średnie","","Nie"
"76","1980-01-01 00:00:00","45","pl","","1","2","2","","","","","","","","","","","","","","","","","","","","","","","","","","","","","","","","1","4","4","0","0","","","","","","","","","","","","","","","","","","","","Nie zgadzam się.","Nie zgadzam się.","Nie zgadzam się.","Nie zgadzam się.","Nie zgadzam się.","","","","","","","","","","","","","","","","","","","","","","","","","","","","","","","","","","","","","","","","","","","","","","","","","","","","","","","","","","","","","N/A","Tak","N/A","N/A","N/A","Nie","N/A","N/A","","","","","","","","","","","","","","","","","","","","","","","","","","","","","","","","","","","","","","","","","","","","","","","","","","","","","","","","","","","","","N/A","N/A","N/A","N/A","Mężczyzna","1964.0000000000","Wyższe (licencjat, magister, inżynier)","","Nie"
"77","1980-01-01 00:00:00","45","pl","","1","2","2","","","","","","","","","","","","","","","","","","","","","","","","","","","","","","","","1","1","1","3","3","","","","","","","","","","","","","","","","","","","","Zgadzam się.","Nie zgadzam się.","Nie zgadzam się.","Zgadzam się.","Zgadzam się.","","","","","","","","","","","","","","","","","","","","","","","","","","","","","","","","","","","","","","","","","","","","","","","","","","","","","","","","","","","","","N/A","Nie","N/A","N/A","N/A","Nie","N/A","N/A","","","","","","","","","","","","","","","","","","","","","","","","","","","","","","","","","","","","","","","","","","","","","","","","","","","","","","","","","","","","","N/A","N/A","N/A","N/A","Mężczyzna","1992.0000000000","Średnie","","Nie"
"79","1980-01-01 00:00:00","45","pl","","2","2","2","","","","","","","","","","","","","","","","","","","","","","","","","","","","","","","","","","","","","","","","","","","","","","","","","","","","","","","","Nie zgadzam się.","Nie zgadzam się.","Nie zgadzam się.","Nie zgadzam się.","Nie zgadzam się.","","","","","","","","","","","","","","","","","","","","","","","","","","","","","","","","","","","","","","","","","","","","2","4","3","1","2","","","","","","","","","","","","","N/A","Nie","N/A","N/A","N/A","Nie","N/A","N/A","","","","","","","","","","","","","","","","","","","","","","","","","","","","","","","","","","","","","","","","","","","","","","","","","","","","","","","","","","","","","N/A","N/A","N/A","N/A","Mężczyzna","1994.0000000000","Średnie","","Nie"
"80","1980-01-01 00:00:00","45","pl","","1","2","2","","","","","","","","","","","","","","","","","","","","","","","","","","","","","","","","3","3","4","3","2","","","","","","","","","","","","","","","","","","","","Nie zgadzam się.","Nie zgadzam się.","Nie zgadzam się.","Nie zgadzam się.","Zgadzam się.","","","","","","","","","","","","","","","","","","","","","","","","","","","","","","","","","","","","","","","","","","","","","","","","","","","","","","","","","","","","","N/A","Nie","N/A","N/A","N/A","Tak","N/A","N/A","","","","","","","","","","","","","","","","","","","","","","","","","","","","","","","","","","","","","","","","","","","","","","","","","","","","","","","","","","","","","N/A","N/A","N/A","N/A","Mężczyzna","1995.0000000000","Średnie","","Tak"
"82","1980-01-01 00:00:00","45","pl","","2","2","2","","","","","","","","","","","","","","","","","","","","","","","","","","","","","","","","","","","","","","","","","","","","","","","","","","","","","","","","Nie zgadzam się.","Nie zgadzam się.","Nie zgadzam się.","Nie zgadzam się.","Zgadzam się.","","","","","","","","","","","","","","","","","","","","","","","","","","","","","","","","","","","","","","","","","","","","1","1","2","1","3","","","","","","","","","","","","","N/A","Nie","N/A","N/A","N/A","Nie","N/A","N/A","","","","","","","","","","","","","","","","","","","","","","","","","","","","","","","","","","","","","","","","","","","","","","","","","","","","","","","","","","","","","N/A","N/A","N/A","N/A","Mężczyzna","1992.0000000000","Wyższe (licencjat, magister, inżynier)","","Nie"
"83","1980-01-01 00:00:00","45","pl","","2","2","2","","","","","","","","","","","","","","","","","","","","","","","","","","","","","","","","","","","","","","","","","","","","","","","","","","","","","","","","Nie zgadzam się.","Nie zgadzam się.","Nie zgadzam się.","Nie zgadzam się.","Nie zgadzam się.","","","","","","","","","","","","","","","","","","","","","","","","","","","","","","","","","","","","","","","","","","","","0","0","0","0","0","","","","","","","","","","","","","N/A","Nie","N/A","N/A","N/A","Nie","N/A","N/A","","","","","","","","","","","","","","","","","","","","","","","","","","","","","","","","","","","","","","","","","","","","","","","","","","","","","","","","","","","","","N/A","N/A","N/A","N/A","Mężczyzna","1991.0000000000","Wyższe (licencjat, magister, inżynier)","","Nie"
"84","1980-01-01 00:00:00","45","pl","","2","2","2","","","","","","","","","","","","","","","","","","","","","","","","","","","","","","","","","","","","","","","","","","","","","","","","","","","","","","","","Zgadzam się.","Zgadzam się.","Nie zgadzam się.","Zgadzam się.","Zgadzam się.","","","","","","","","","","","","","","","","","","","","","","","","","","","","","","","","","","","","","","","","","","","","3","3","4","4","3","","","","","","","","","","","","","N/A","Nie","N/A","N/A","N/A","Tak","N/A","N/A","","","","","","","","","","","","","","","","","","","","","","","","","","","","","","","","","","","","","","","","","","","","","","","","","","","","","","","","","","","","","N/A","N/A","N/A","N/A","Kobieta","1995.0000000000","Średnie","","Nie"
"86","1980-01-01 00:00:00","45","pl","","1","2","2","","","","","","","","","","","","","","","","","","","","","","","","","","","","","","","","2","2","2","2","3","","","","","","","","","","","","","","","","","","","","Nie zgadzam się.","Nie zgadzam się.","Nie zgadzam się.","Nie zgadzam się.","Zgadzam się.","","","","","","","","","","","","","","","","","","","","","","","","","","","","","","","","","","","","","","","","","","","","","","","","","","","","","","","","","","","","","N/A","Nie","N/A","N/A","N/A","Tak","N/A","N/A","","","","","","","","","","","","","","","","","","","","","","","","","","","","","","","","","","","","","","","","","","","","","","","","","","","","","","","","","","","","","N/A","N/A","N/A","N/A","Kobieta","1985.0000000000","Wyższe (licencjat, magister, inżynier)","","Nie"
"87","1980-01-01 00:00:00","45","pl","","2","2","2","","","","","","","","","","","","","","","","","","","","","","","","","","","","","","","","","","","","","","","","","","","","","","","","","","","","","","","","Nie zgadzam się.","Nie zgadzam się.","Nie zgadzam się.","Nie zgadzam się.","Nie zgadzam się.","","","","","","","","","","","","","","","","","","","","","","","","","","","","","","","","","","","","","","","","","","","","1","1","1","1","1","","","","","","","","","","","","","N/A","Nie","N/A","N/A","N/A","Nie","N/A","N/A","","","","","","","","","","","","","","","","","","","","","","","","","","","","","","","","","","","","","","","","","","","","","","","","","","","","","","","","","","","","","N/A","N/A","N/A","N/A","Kobieta","1984.0000000000","Wyższe (licencjat, magister, inżynier)","","Tak"
"88","1980-01-01 00:00:00","45","pl","","1","2","2","","","","","","","","","","","","","","","","","","","","","","","","","","","","","","","","0","0","1","1","1","","","","","","","","","","","","","","","","","","","","Nie zgadzam się.","Nie zgadzam się.","Nie zgadzam się.","Nie zgadzam się.","Nie zgadzam się.","","","","","","","","","","","","","","","","","","","","","","","","","","","","","","","","","","","","","","","","","","","","","","","","","","","","","","","","","","","","","N/A","Nie","N/A","N/A","N/A","Nie","N/A","N/A","","","","","","","","","","","","","","","","","","","","","","","","","","","","","","","","","","","","","","","","","","","","","","","","","","","","","","","","","","","","","N/A","N/A","N/A","N/A","Kobieta","1983.0000000000","Wyższe (licencjat, magister, inżynier)","","Nie"
"89","1980-01-01 00:00:00","45","pl","","2","2","2","","","","","","","","","","","","","","","","","","","","","","","","","","","","","","","","","","","","","","","","","","","","","","","","","","","","","","","","Nie zgadzam się.","Nie zgadzam się.","Nie zgadzam się.","Nie zgadzam się.","Nie zgadzam się.","","","","","","","","","","","","","","","","","","","","","","","","","","","","","","","","","","","","","","","","","","","","0","0","0","0","0","","","","","","","","","","","","","N/A","Nie","N/A","N/A","N/A","Nie","N/A","N/A","","","","","","","","","","","","","","","","","","","","","","","","","","","","","","","","","","","","","","","","","","","","","","","","","","","","","","","","","","","","","N/A","N/A","N/A","N/A","Kobieta","1969.0000000000","Wyższe (licencjat, magister, inżynier)","","Nie"
"91","1980-01-01 00:00:00","45","pl","","1","2","2","","","","","","","","","","","","","","","","","","","","","","","","","","","","","","","","1","1","1","1","2","","","","","","","","","","","","","","","","","","","","Nie zgadzam się.","Nie zgadzam się.","Nie zgadzam się.","Nie zgadzam się.","Nie zgadzam się.","","","","","","","","","","","","","","","","","","","","","","","","","","","","","","","","","","","","","","","","","","","","","","","","","","","","","","","","","","","","","N/A","Nie","N/A","N/A","N/A","Nie","N/A","N/A","","","","","","","","","","","","","","","","","","","","","","","","","","","","","","","","","","","","","","","","","","","","","","","","","","","","","","","","","","","","","N/A","N/A","N/A","N/A","Mężczyzna","1965.0000000000","Średnie","","Nie"
"92","1980-01-01 00:00:00","45","pl","","2","2","2","","","","","","","","","","","","","","","","","","","","","","","","","","","","","","","","","","","","","","","","","","","","","","","","","","","","","","","","Nie zgadzam się.","Nie zgadzam się.","Nie zgadzam się.","Nie zgadzam się.","Nie zgadzam się.","","","","","","","","","","","","","","","","","","","","","","","","","","","","","","","","","","","","","","","","","","","","0","0","0","0","0","","","","","","","","","","","","","N/A","Nie","N/A","N/A","N/A","Nie","N/A","N/A","","","","","","","","","","","","","","","","","","","","","","","","","","","","","","","","","","","","","","","","","","","","","","","","","","","","","","","","","","","","","N/A","N/A","N/A","N/A","Kobieta","1944.0000000000","Średnie","","Nie"
"93","1980-01-01 00:00:00","45","pl","","2","2","2","","","","","","","","","","","","","","","","","","","","","","","","","","","","","","","","","","","","","","","","","","","","","","","","","","","","","","","","Nie zgadzam się.","Nie zgadzam się.","Nie zgadzam się.","Nie zgadzam się.","Nie zgadzam się.","","","","","","","","","","","","","","","","","","","","","","","","","","","","","","","","","","","","","","","","","","","","0","0","0","0","0","","","","","","","","","","","","","N/A","Nie","N/A","N/A","N/A","Nie","N/A","N/A","","","","","","","","","","","","","","","","","","","","","","","","","","","","","","","","","","","","","","","","","","","","","","","","","","","","","","","","","","","","","N/A","N/A","N/A","N/A","Kobieta","1982.0000000000","Wyższe (licencjat, magister, inżynier)","","Nie"
"94","1980-01-01 00:00:00","45","pl","","2","2","2","","","","","","","","","","","","","","","","","","","","","","","","","","","","","","","","","","","","","","","","","","","","","","","","","","","","","","","","Nie zgadzam się.","Nie zgadzam się.","Nie zgadzam się.","Nie zgadzam się.","Nie zgadzam się.","","","","","","","","","","","","","","","","","","","","","","","","","","","","","","","","","","","","","","","","","","","","0","0","0","0","0","","","","","","","","","","","","","N/A","Nie","N/A","N/A","N/A","Nie","N/A","N/A","","","","","","","","","","","","","","","","","","","","","","","","","","","","","","","","","","","","","","","","","","","","","","","","","","","","","","","","","","","","","N/A","N/A","N/A","N/A","Mężczyzna","1975.0000000000","Wyższe (licencjat, magister, inżynier)","","Nie"
"95","1980-01-01 00:00:00","45","pl","","1","2","2","","","","","","","","","","","","","","","","","","","","","","","","","","","","","","","","3","3","3","3","3","","","","","","","","","","","","","","","","","","","","Nie zgadzam się.","Nie zgadzam się.","Nie zgadzam się.","Nie zgadzam się.","Zgadzam się.","","","","","","","","","","","","","","","","","","","","","","","","","","","","","","","","","","","","","","","","","","","","","","","","","","","","","","","","","","","","","N/A","Tak","N/A","N/A","N/A","Tak","N/A","N/A","","","","","","","","","","","","","","","","","","","","","","","","","","","","","","","","","","","","","","","","","","","","","","","","","","","","","","","","","","","","","N/A","N/A","N/A","N/A","Mężczyzna","1995.0000000000","Średnie","","Nie"
"97","1980-01-01 00:00:00","45","pl","","2","2","2","","","","","","","","","","","","","","","","","","","","","","","","","","","","","","","","","","","","","","","","","","","","","","","","","","","","","","","","Nie zgadzam się.","Nie zgadzam się.","Nie zgadzam się.","Nie zgadzam się.","Nie zgadzam się.","","","","","","","","","","","","","","","","","","","","","","","","","","","","","","","","","","","","","","","","","","","","1","1","1","1","1","","","","","","","","","","","","","N/A","Nie","N/A","N/A","N/A","Nie","N/A","N/A","","","","","","","","","","","","","","","","","","","","","","","","","","","","","","","","","","","","","","","","","","","","","","","","","","","","","","","","","","","","","N/A","N/A","N/A","N/A","Mężczyzna","1995.0000000000","Średnie","","Nie"
"100","1980-01-01 00:00:00","45","pl","","2","2","2","","","","","","","","","","","","","","","","","","","","","","","","","","","","","","","","","","","","","","","","","","","","","","","","","","","","","","","","Nie zgadzam się.","Nie zgadzam się.","Nie zgadzam się.","Nie zgadzam się.","Zgadzam się.","","","","","","","","","","","","","","","","","","","","","","","","","","","","","","","","","","","","","","","","","","","","1","1","1","0","1","","","","","","","","","","","","","N/A","Nie","N/A","N/A","N/A","Tak","N/A","N/A","","","","","","","","","","","","","","","","","","","","","","","","","","","","","","","","","","","","","","","","","","","","","","","","","","","","","","","","","","","","","N/A","N/A","N/A","N/A","Kobieta","1995.0000000000","Inne","II rok studiów","Tak"
"101","1980-01-01 00:00:00","45","pl","","1","2","2","","","","","","","","","","","","","","","","","","","","","","","","","","","","","","","","1","1","1","1","1","","","","","","","","","","","","","","","","","","","","Nie zgadzam się.","Nie zgadzam się.","Nie zgadzam się.","Nie zgadzam się.","Nie zgadzam się.","","","","","","","","","","","","","","","","","","","","","","","","","","","","","","","","","","","","","","","","","","","","","","","","","","","","","","","","","","","","","N/A","Tak","N/A","N/A","N/A","Nie","N/A","N/A","","","","","","","","","","","","","","","","","","","","","","","","","","","","","","","","","","","","","","","","","","","","","","","","","","","","","","","","","","","","","N/A","N/A","N/A","N/A","Mężczyzna","1996.0000000000","Średnie","","Tak"
"102","1980-01-01 00:00:00","45","pl","","1","2","2","","","","","","","","","","","","","","","","","","","","","","","","","","","","","","","","0","4","4","3","4","","","","","","","","","","","","","","","","","","","","Nie zgadzam się.","Nie zgadzam się.","Nie zgadzam się.","Nie zgadzam się.","Nie zgadzam się.","","","","","","","","","","","","","","","","","","","","","","","","","","","","","","","","","","","","","","","","","","","","","","","","","","","","","","","","","","","","","N/A","Nie","N/A","N/A","N/A","Tak","N/A","N/A","","","","","","","","","","","","","","","","","","","","","","","","","","","","","","","","","","","","","","","","","","","","","","","","","","","","","","","","","","","","","N/A","N/A","N/A","N/A","Kobieta","1988.0000000000","Średnie","","Tak"
"103","1980-01-01 00:00:00","45","pl","","1","2","2","","","","","","","","","","","","","","","","","","","","","","","","","","","","","","","","0","4","4","4","4","","","","","","","","","","","","","","","","","","","","Nie zgadzam się.","Nie zgadzam się.","Nie zgadzam się.","Nie zgadzam się.","Nie zgadzam się.","","","","","","","","","","","","","","","","","","","","","","","","","","","","","","","","","","","","","","","","","","","","","","","","","","","","","","","","","","","","","N/A","Nie","N/A","N/A","N/A","Tak","N/A","N/A","","","","","","","","","","","","","","","","","","","","","","","","","","","","","","","","","","","","","","","","","","","","","","","","","","","","","","","","","","","","","N/A","N/A","N/A","N/A","Mężczyzna","1993.0000000000","Średnie","","Nie"
"109","1980-01-01 00:00:00","45","pl","","2","2","2","","","","","","","","","","","","","","","","","","","","","","","","","","","","","","","","","","","","","","","","","","","","","","","","","","","","","","","","Zgadzam się.","Zgadzam się.","Nie zgadzam się.","Nie zgadzam się.","Nie zgadzam się.","","","","","","","","","","","","","","","","","","","","","","","","","","","","","","","","","","","","","","","","","","","","4","4","4","1","2","","","","","","","","","","","","","N/A","Nie","N/A","N/A","N/A","Nie","N/A","N/A","","","","","","","","","","","","","","","","","","","","","","","","","","","","","","","","","","","","","","","","","","","","","","","","","","","","","","","","","","","","","N/A","N/A","N/A","N/A","Kobieta","1965.0000000000","Wyższe (licencjat, magister, inżynier)","","Nie"
"112","1980-01-01 00:00:00","45","pl","","1","2","2","","","","","","","","","","","","","","","","","","","","","","","","","","","","","","","","1","1","1","1","1","","","","","","","","","","","","","","","","","","","","Nie zgadzam się.","Nie zgadzam się.","Nie zgadzam się.","Nie zgadzam się.","Nie zgadzam się.","","","","","","","","","","","","","","","","","","","","","","","","","","","","","","","","","","","","","","","","","","","","","","","","","","","","","","","","","","","","","N/A","Nie","N/A","N/A","N/A","Nie","N/A","N/A","","","","","","","","","","","","","","","","","","","","","","","","","","","","","","","","","","","","","","","","","","","","","","","","","","","","","","","","","","","","","N/A","N/A","N/A","N/A","Mężczyzna","1990.0000000000","Wyższe (licencjat, magister, inżynier)","","Tak"
"114","1980-01-01 00:00:00","45","pl","","2","2","2","","","","","","","","","","","","","","","","","","","","","","","","","","","","","","","","","","","","","","","","","","","","","","","","","","","","","","","","Nie zgadzam się.","Nie zgadzam się.","Nie zgadzam się.","Zgadzam się.","Zgadzam się.","","","","","","","","","","","","","","","","","","","","","","","","","","","","","","","","","","","","","","","","","","","","0","0","0","0","2","","","","","","","","","","","","","N/A","Nie","N/A","N/A","N/A","Nie","N/A","N/A","","","","","","","","","","","","","","","","","","","","","","","","","","","","","","","","","","","","","","","","","","","","","","","","","","","","","","","","","","","","","N/A","N/A","N/A","N/A","Kobieta","1986.0000000000","Wyższe (licencjat, magister, inżynier)","","Nie"
"117","1980-01-01 00:00:00","45","pl","","1","2","2","","","","","","","","","","","","","","","","","","","","","","","","","","","","","","","","4","1","3","2","1","","","","","","","","","","","","","","","","","","","","Zgadzam się.","Nie zgadzam się.","Nie zgadzam się.","Zgadzam się.","Zgadzam się.","","","","","","","","","","","","","","","","","","","","","","","","","","","","","","","","","","","","","","","","","","","","","","","","","","","","","","","","","","","","","N/A","Nie","N/A","N/A","N/A","Tak","N/A","N/A","","","","","","","","","","","","","","","","","","","","","","","","","","","","","","","","","","","","","","","","","","","","","","","","","","","","","","","","","","","","","N/A","N/A","N/A","N/A","Kobieta","1986.0000000000","Wyższe (licencjat, magister, inżynier)","","Nie"
"119","1980-01-01 00:00:00","45","pl","","1","2","2","","","","","","","","","","","","","","","","","","","","","","","","","","","","","","","","1","0","0","0","1","","","","","","","","","","","","","","","","","","","","Nie zgadzam się.","Nie zgadzam się.","Nie zgadzam się.","Nie zgadzam się.","Zgadzam się.","","","","","","","","","","","","","","","","","","","","","","","","","","","","","","","","","","","","","","","","","","","","","","","","","","","","","","","","","","","","","N/A","Nie","N/A","N/A","N/A","Nie","N/A","N/A","","","","","","","","","","","","","","","","","","","","","","","","","","","","","","","","","","","","","","","","","","","","","","","","","","","","","","","","","","","","","N/A","N/A","N/A","N/A","Kobieta","1993.0000000000","Wyższe (licencjat, magister, inżynier)","","Nie"
"120","1980-01-01 00:00:00","45","pl","","1","2","2","","","","","","","","","","","","","","","","","","","","","","","","","","","","","","","","2","2","2","2","2","","","","","","","","","","","","","","","","","","","","Nie zgadzam się.","Nie zgadzam się.","Nie zgadzam się.","Zgadzam się.","Zgadzam się.","","","","","","","","","","","","","","","","","","","","","","","","","","","","","","","","","","","","","","","","","","","","","","","","","","","","","","","","","","","","","N/A","Nie","N/A","N/A","N/A","Nie","N/A","N/A","","","","","","","","","","","","","","","","","","","","","","","","","","","","","","","","","","","","","","","","","","","","","","","","","","","","","","","","","","","","","N/A","N/A","N/A","N/A","Mężczyzna","1994.0000000000","Średnie","","Nie"
"122","1980-01-01 00:00:00","45","pl","","1","2","2","","","","","","","","","","","","","","","","","","","","","","","","","","","","","","","","3","3","3","3","3","","","","","","","","","","","","","","","","","","","","Zgadzam się.","Zgadzam się.","Zgadzam się.","Zgadzam się.","Zgadzam się.","","","","","","","","","","","","","","","","","","","","","","","","","","","","","","","","","","","","","","","","","","","","","","","","","","","","","","","","","","","","","N/A","Nie","N/A","N/A","N/A","Nie","N/A","N/A","","","","","","","","","","","","","","","","","","","","","","","","","","","","","","","","","","","","","","","","","","","","","","","","","","","","","","","","","","","","","N/A","N/A","N/A","N/A","Kobieta","1993.0000000000","Średnie","","Nie"
"124","1980-01-01 00:00:00","45","pl","","2","2","2","","","","","","","","","","","","","","","","","","","","","","","","","","","","","","","","","","","","","","","","","","","","","","","","","","","","","","","","Nie zgadzam się.","Nie zgadzam się.","Nie zgadzam się.","Nie zgadzam się.","Nie zgadzam się.","","","","","","","","","","","","","","","","","","","","","","","","","","","","","","","","","","","","","","","","","","","","0","0","0","0","1","","","","","","","","","","","","","N/A","Nie","N/A","N/A","N/A","Nie","N/A","N/A","","","","","","","","","","","","","","","","","","","","","","","","","","","","","","","","","","","","","","","","","","","","","","","","","","","","","","","","","","","","","N/A","N/A","N/A","N/A","Kobieta","1995.0000000000","Średnie","","Tak"
"125","1980-01-01 00:00:00","45","pl","","1","2","2","","","","","","","","","","","","","","","","","","","","","","","","","","","","","","","","1","3","2","1","2","","","","","","","","","","","","","","","","","","","","Nie zgadzam się.","Nie zgadzam się.","Nie zgadzam się.","Nie zgadzam się.","Nie zgadzam się.","","","","","","","","","","","","","","","","","","","","","","","","","","","","","","","","","","","","","","","","","","","","","","","","","","","","","","","","","","","","","N/A","Nie","N/A","N/A","N/A","Tak","N/A","N/A","","","","","","","","","","","","","","","","","","","","","","","","","","","","","","","","","","","","","","","","","","","","","","","","","","","","","","","","","","","","","N/A","N/A","N/A","N/A","Mężczyzna","1991.0000000000","Średnie","","Nie"
"126","1980-01-01 00:00:00","45","pl","","2","2","2","","","","","","","","","","","","","","","","","","","","","","","","","","","","","","","","","","","","","","","","","","","","","","","","","","","","","","","","Zgadzam się.","Zgadzam się.","Nie zgadzam się.","Zgadzam się.","Zgadzam się.","","","","","","","","","","","","","","","","","","","","","","","","","","","","","","","","","","","","","","","","","","","","3","3","4","4","4","","","","","","","","","","","","","N/A","Nie","N/A","N/A","N/A","Nie","N/A","N/A","","","","","","","","","","","","","","","","","","","","","","","","","","","","","","","","","","","","","","","","","","","","","","","","","","","","","","","","","","","","","N/A","N/A","N/A","N/A","Kobieta","1992.0000000000","Średnie","","Tak"
"129","1980-01-01 00:00:00","45","pl","","2","2","2","","","","","","","","","","","","","","","","","","","","","","","","","","","","","","","","","","","","","","","","","","","","","","","","","","","","","","","","Nie zgadzam się.","Nie zgadzam się.","Nie zgadzam się.","Zgadzam się.","Zgadzam się.","","","","","","","","","","","","","","","","","","","","","","","","","","","","","","","","","","","","","","","","","","","","2","4","4","4","3","","","","","","","","","","","","","N/A","Nie","N/A","N/A","N/A","Nie","N/A","N/A","","","","","","","","","","","","","","","","","","","","","","","","","","","","","","","","","","","","","","","","","","","","","","","","","","","","","","","","","","","","","N/A","N/A","N/A","N/A","Kobieta","1992.0000000000","Średnie","","Nie"
"130","1980-01-01 00:00:00","45","pl","","1","2","2","","","","","","","","","","","","","","","","","","","","","","","","","","","","","","","","4","4","4","4","4","","","","","","","","","","","","","","","","","","","","Zgadzam się.","Zgadzam się.","Nie zgadzam się.","Zgadzam się.","Zgadzam się.","","","","","","","","","","","","","","","","","","","","","","","","","","","","","","","","","","","","","","","","","","","","","","","","","","","","","","","","","","","","","N/A","Nie","N/A","N/A","N/A","Tak","N/A","N/A","","","","","","","","","","","","","","","","","","","","","","","","","","","","","","","","","","","","","","","","","","","","","","","","","","","","","","","","","","","","","N/A","N/A","N/A","N/A","Mężczyzna","1990.0000000000","Wyższe (licencjat, magister, inżynier)","","Nie"
"132","1980-01-01 00:00:00","45","pl","","2","2","2","","","","","","","","","","","","","","","","","","","","","","","","","","","","","","","","","","","","","","","","","","","","","","","","","","","","","","","","Nie zgadzam się.","Zgadzam się.","Nie zgadzam się.","Zgadzam się.","Zgadzam się.","","","","","","","","","","","","","","","","","","","","","","","","","","","","","","","","","","","","","","","","","","","","1","4","4","3","3","","","","","","","","","","","","","N/A","Tak","N/A","N/A","N/A","Tak","N/A","N/A","","","","","","","","","","","","","","","","","","","","","","","","","","","","","","","","","","","","","","","","","","","","","","","","","","","","","","","","","","","","","N/A","N/A","N/A","N/A","Kobieta","22.0000000000","Średnie","","Nie"
"134","1980-01-01 00:00:00","45","pl","","2","2","2","","","","","","","","","","","","","","","","","","","","","","","","","","","","","","","","","","","","","","","","","","","","","","","","","","","","","","","","Nie zgadzam się.","Zgadzam się.","Nie zgadzam się.","Zgadzam się.","Zgadzam się.","","","","","","","","","","","","","","","","","","","","","","","","","","","","","","","","","","","","","","","","","","","","1","4","4","4","2","","","","","","","","","","","","","N/A","Tak","N/A","N/A","N/A","Nie","N/A","N/A","","","","","","","","","","","","","","","","","","","","","","","","","","","","","","","","","","","","","","","","","","","","","","","","","","","","","","","","","","","","","N/A","N/A","N/A","N/A","Mężczyzna","1990.0000000000","Wyższe (licencjat, magister, inżynier)","","Nie"
"135","1980-01-01 00:00:00","45","pl","","2","2","2","","","","","","","","","","","","","","","","","","","","","","","","","","","","","","","","","","","","","","","","","","","","","","","","","","","","","","","","Nie zgadzam się.","Nie zgadzam się.","Nie zgadzam się.","Nie zgadzam się.","Nie zgadzam się.","","","","","","","","","","","","","","","","","","","","","","","","","","","","","","","","","","","","","","","","","","","","1","1","1","1","1","","","","","","","","","","","","","N/A","Nie","N/A","N/A","N/A","Nie","N/A","N/A","","","","","","","","","","","","","","","","","","","","","","","","","","","","","","","","","","","","","","","","","","","","","","","","","","","","","","","","","","","","","N/A","N/A","N/A","N/A","Mężczyzna","1990.0000000000","Średnie","","Nie"
"136","1980-01-01 00:00:00","45","pl","","2","2","2","","","","","","","","","","","","","","","","","","","","","","","","","","","","","","","","","","","","","","","","","","","","","","","","","","","","","","","","Nie zgadzam się.","Zgadzam się.","Nie zgadzam się.","Zgadzam się.","Zgadzam się.","","","","","","","","","","","","","","","","","","","","","","","","","","","","","","","","","","","","","","","","","","","","0","4","0","4","4","","","","","","","","","","","","","N/A","Nie","N/A","N/A","N/A","Tak","N/A","N/A","","","","","","","","","","","","","","","","","","","","","","","","","","","","","","","","","","","","","","","","","","","","","","","","","","","","","","","","","","","","","N/A","N/A","N/A","N/A","Kobieta","1995.0000000000","Średnie","","Tak"
"137","1980-01-01 00:00:00","45","pl","","2","2","2","","","","","","","","","","","","","","","","","","","","","","","","","","","","","","","","","","","","","","","","","","","","","","","","","","","","","","","","Nie zgadzam się.","Nie zgadzam się.","Nie zgadzam się.","Nie zgadzam się.","Nie zgadzam się.","","","","","","","","","","","","","","","","","","","","","","","","","","","","","","","","","","","","","","","","","","","","2","2","1","2","2","","","","","","","","","","","","","N/A","Tak","N/A","N/A","N/A","Tak","N/A","N/A","","","","","","","","","","","","","","","","","","","","","","","","","","","","","","","","","","","","","","","","","","","","","","","","","","","","","","","","","","","","","N/A","N/A","N/A","N/A","Mężczyzna","1995.0000000000","Średnie","","Nie"
"138","1980-01-01 00:00:00","45","pl","","1","2","2","","","","","","","","","","","","","","","","","","","","","","","","","","","","","","","","2","1","1","2","2","","","","","","","","","","","","","","","","","","","","Nie zgadzam się.","Zgadzam się.","Nie zgadzam się.","Zgadzam się.","Zgadzam się.","","","","","","","","","","","","","","","","","","","","","","","","","","","","","","","","","","","","","","","","","","","","","","","","","","","","","","","","","","","","","N/A","Tak","N/A","N/A","N/A","Tak","N/A","N/A","","","","","","","","","","","","","","","","","","","","","","","","","","","","","","","","","","","","","","","","","","","","","","","","","","","","","","","","","","","","","N/A","N/A","N/A","N/A","Kobieta","1994.0000000000","Średnie","","Nie"
"144","1980-01-01 00:00:00","45","pl","","1","2","2","","","","","","","","","","","","","","","","","","","","","","","","","","","","","","","","3","4","4","4","3","","","","","","","","","","","","","","","","","","","","Nie zgadzam się.","Nie zgadzam się.","Nie zgadzam się.","Nie zgadzam się.","Nie zgadzam się.","","","","","","","","","","","","","","","","","","","","","","","","","","","","","","","","","","","","","","","","","","","","","","","","","","","","","","","","","","","","","N/A","Nie","N/A","N/A","N/A","Nie","N/A","N/A","","","","","","","","","","","","","","","","","","","","","","","","","","","","","","","","","","","","","","","","","","","","","","","","","","","","","","","","","","","","","N/A","N/A","N/A","N/A","Kobieta","1995.0000000000","Średnie","","Nie"
"146","1980-01-01 00:00:00","45","pl","","2","2","2","","","","","","","","","","","","","","","","","","","","","","","","","","","","","","","","","","","","","","","","","","","","","","","","","","","","","","","","Nie zgadzam się.","Zgadzam się.","Nie zgadzam się.","Zgadzam się.","Zgadzam się.","","","","","","","","","","","","","","","","","","","","","","","","","","","","","","","","","","","","","","","","","","","","2","2","3","2","3","","","","","","","","","","","","","N/A","Nie","N/A","N/A","N/A","Tak","N/A","N/A","","","","","","","","","","","","","","","","","","","","","","","","","","","","","","","","","","","","","","","","","","","","","","","","","","","","","","","","","","","","","N/A","N/A","N/A","N/A","Kobieta","1995.0000000000","Średnie","","Nie"
"147","1980-01-01 00:00:00","45","pl","","2","2","2","","","","","","","","","","","","","","","","","","","","","","","","","","","","","","","","","","","","","","","","","","","","","","","","","","","","","","","","Nie zgadzam się.","Nie zgadzam się.","Nie zgadzam się.","Zgadzam się.","Zgadzam się.","","","","","","","","","","","","","","","","","","","","","","","","","","","","","","","","","","","","","","","","","","","","2","2","2","2","2","","","","","","","","","","","","","N/A","Tak","N/A","N/A","N/A","Tak","N/A","N/A","","","","","","","","","","","","","","","","","","","","","","","","","","","","","","","","","","","","","","","","","","","","","","","","","","","","","","","","","","","","","N/A","N/A","N/A","N/A","Kobieta","1995.0000000000","Średnie","","Nie"
"148","1980-01-01 00:00:00","45","pl","","2","2","2","","","","","","","","","","","","","","","","","","","","","","","","","","","","","","","","","","","","","","","","","","","","","","","","","","","","","","","","Nie zgadzam się.","Nie zgadzam się.","Nie zgadzam się.","Zgadzam się.","Zgadzam się.","","","","","","","","","","","","","","","","","","","","","","","","","","","","","","","","","","","","","","","","","","","","3","3","4","4","3","","","","","","","","","","","","","N/A","Nie","N/A","N/A","N/A","Nie","N/A","N/A","","","","","","","","","","","","","","","","","","","","","","","","","","","","","","","","","","","","","","","","","","","","","","","","","","","","","","","","","","","","","N/A","N/A","N/A","N/A","Kobieta","1994.0000000000","Średnie","","Nie"
"150","1980-01-01 00:00:00","45","pl","","2","2","2","","","","","","","","","","","","","","","","","","","","","","","","","","","","","","","","","","","","","","","","","","","","","","","","","","","","","","","","Nie zgadzam się.","Nie zgadzam się.","Nie zgadzam się.","Nie zgadzam się.","Nie zgadzam się.","","","","","","","","","","","","","","","","","","","","","","","","","","","","","","","","","","","","","","","","","","","","0","1","1","1","1","","","","","","","","","","","","","N/A","Nie","N/A","N/A","N/A","Nie","N/A","N/A","","","","","","","","","","","","","","","","","","","","","","","","","","","","","","","","","","","","","","","","","","","","","","","","","","","","","","","","","","","","","N/A","N/A","N/A","N/A","Mężczyzna","1993.0000000000","Średnie","","Nie"
"151","1980-01-01 00:00:00","45","pl","","2","2","2","","","","","","","","","","","","","","","","","","","","","","","","","","","","","","","","","","","","","","","","","","","","","","","","","","","","","","","","Nie zgadzam się.","Nie zgadzam się.","Nie zgadzam się.","Nie zgadzam się.","Nie zgadzam się.","","","","","","","","","","","","","","","","","","","","","","","","","","","","","","","","","","","","","","","","","","","","0","0","0","0","0","","","","","","","","","","","","","N/A","Nie","N/A","N/A","N/A","Nie","N/A","N/A","","","","","","","","","","","","","","","","","","","","","","","","","","","","","","","","","","","","","","","","","","","","","","","","","","","","","","","","","","","","","N/A","N/A","N/A","N/A","Kobieta","1977.0000000000","Średnie","","Nie"
"152","1980-01-01 00:00:00","45","pl","","2","2","2","","","","","","","","","","","","","","","","","","","","","","","","","","","","","","","","","","","","","","","","","","","","","","","","","","","","","","","","Nie zgadzam się.","Nie zgadzam się.","Nie zgadzam się.","Nie zgadzam się.","Nie zgadzam się.","","","","","","","","","","","","","","","","","","","","","","","","","","","","","","","","","","","","","","","","","","","","0","0","0","0","0","","","","","","","","","","","","","N/A","Nie","N/A","N/A","N/A","Nie","N/A","N/A","","","","","","","","","","","","","","","","","","","","","","","","","","","","","","","","","","","","","","","","","","","","","","","","","","","","","","","","","","","","","N/A","N/A","N/A","N/A","Kobieta","1992.0000000000","Średnie","","Tak"
"155","1980-01-01 00:00:00","45","pl","","2","2","2","","","","","","","","","","","","","","","","","","","","","","","","","","","","","","","","","","","","","","","","","","","","","","","","","","","","","","","","Nie zgadzam się.","Nie zgadzam się.","Nie zgadzam się.","Nie zgadzam się.","Zgadzam się.","","","","","","","","","","","","","","","","","","","","","","","","","","","","","","","","","","","","","","","","","","","","0","1","1","2","3","","","","","","","","","","","","","N/A","Nie","N/A","N/A","N/A","Nie","N/A","N/A","","","","","","","","","","","","","","","","","","","","","","","","","","","","","","","","","","","","","","","","","","","","","","","","","","","","","","","","","","","","","N/A","N/A","N/A","N/A","Mężczyzna","1995.0000000000","Średnie","","Nie"
"157","1980-01-01 00:00:00","45","pl","","1","2","2","","","","","","","","","","","","","","","","","","","","","","","","","","","","","","","","0","1","4","0","2","","","","","","","","","","","","","","","","","","","","Nie zgadzam się.","Nie zgadzam się.","Nie zgadzam się.","Nie zgadzam się.","Zgadzam się.","","","","","","","","","","","","","","","","","","","","","","","","","","","","","","","","","","","","","","","","","","","","","","","","","","","","","","","","","","","","","N/A","Nie","N/A","N/A","N/A","Nie","N/A","N/A","","","","","","","","","","","","","","","","","","","","","","","","","","","","","","","","","","","","","","","","","","","","","","","","","","","","","","","","","","","","","N/A","N/A","N/A","N/A","Kobieta","1995.0000000000","Średnie","","Nie"

